{
	"info": {
		"_postman_id": "f383143a-31b1-41c6-a770-b3da6a3ea20c",
		"name": "Medicare_Project",
		"schema": "https://schema.getpostman.com/json/collection/v2.1.0/collection.json",
		"_exporter_id": "31715611",
		"_collection_link": "https://lively-trinity-694168.postman.co/workspace/MediCare_Project~3d1a577c-e05c-4cce-8b8d-52ef79244652/collection/31715611-f383143a-31b1-41c6-a770-b3da6a3ea20c?action=share&source=collection_link&creator=31715611"
	},
	"item": [
		{
			"name": "RetrieveAll_Products",
			"event": [
				{
					"listen": "test",
					"script": {
						"exec": [
							"pm.test(\"Status code is 200\", function () {\r",
							"    pm.response.to.have.status(200);\r",
							"});\r",
							"\r",
							"pm.test(\"BodyCode_Check\", function () {\r",
							"    pm.expect(pm.response.text()).to.include(101);\r",
							"});"
						],
						"type": "text/javascript"
					}
				}
			],
			"request": {
				"method": "GET",
				"header": [],
				"url": {
					"raw": "{{BaseUrl}}/get-products",
					"host": [
						"{{BaseUrl}}"
					],
					"path": [
						"get-products"
					]
				}
			},
			"response": []
		},
		{
			"name": "RetrieveAll_Users",
			"event": [
				{
					"listen": "test",
					"script": {
						"exec": [
							"pm.test(\"Status code is 200\", function () {\r",
							"    pm.response.to.have.status(200);\r",
							"});\r",
							""
						],
						"type": "text/javascript"
					}
				}
			],
			"request": {
				"method": "GET",
				"header": [],
				"url": {
					"raw": "{{BaseUrl}}/get-users",
					"host": [
						"{{BaseUrl}}"
					],
					"path": [
						"get-users"
					]
				}
			},
			"response": []
		},
		{
			"name": "AddThe_Product",
			"request": {
				"method": "POST",
				"header": [],
				"body": {
					"mode": "raw",
					"raw": "{\r\n        \"id\": 999,\r\n        \"image\": \"1.png\",\r\n        \"name\": \"Disprin\",\r\n        \"category\": \"medicine\",\r\n        \"brand\": \"BZ Medico\",\r\n        \"status\": 1,\r\n        \"price\": 100\r\n}",
					"options": {
						"raw": {
							"language": "json"
						}
					}
				},
				"url": {
					"raw": "{{BaseUrl}}/add-product",
					"host": [
						"{{BaseUrl}}"
					],
					"path": [
						"add-product"
					]
				}
			},
			"response": []
		},
		{
			"name": "UpdateThe_Product",
			"event": [
				{
					"listen": "test",
					"script": {
						"exec": [
							"pm.test(\"Status code is 200\", function () {\r",
							"    pm.response.to.have.status(200);\r",
							"});\r",
							"pm.test(\"Body matches string\", function () {\r",
							"    pm.expect(pm.response.text()).to.include(\"Disprin+\");\r",
							"});\r",
							"pm.test(\"Body matches string\", function () {\r",
							"    pm.expect(pm.response.text()).to.include(101);\r",
							"});"
						],
						"type": "text/javascript"
					}
				}
			],
			"request": {
				"method": "PUT",
				"header": [],
				"body": {
					"mode": "raw",
					"raw": "{\r\n        \"id\": 999,\r\n        \"image\": \"2.png\",\r\n        \"name\": \"Disprin+\",\r\n        \"category\": \"medicine\",\r\n        \"brand\": \"BZ Medico\",\r\n        \"status\": 1,\r\n        \"price\": 120\r\n}",
					"options": {
						"raw": {
							"language": "json"
						}
					}
				},
				"url": {
					"raw": "{{BaseUrl}}/update-product",
					"host": [
						"{{BaseUrl}}"
					],
					"path": [
						"update-product"
					]
				}
			},
			"response": []
		},
		{
			"name": "UpdateThe_ProductStatus",
			"event": [
				{
					"listen": "test",
					"script": {
						"exec": [
							"pm.test(\"Status code is 200\", function () {\r",
							"    pm.response.to.have.status(200);\r",
							"});\r",
							"pm.test(\"Body matches string\", function () {\r",
							"    pm.expect(pm.response.text()).to.include(\"Disprin+ Status Updated Successfully.\");\r",
							"});"
						],
						"type": "text/javascript"
					}
				}
			],
			"request": {
				"method": "PUT",
				"header": [],
				"body": {
					"mode": "raw",
					"raw": "{\r\n        \"id\": 999,\r\n        \"image\": \"2.png\",\r\n        \"name\": \"Disprin+\",\r\n        \"category\": \"medicine\",\r\n        \"brand\": \"BZ Medico\",\r\n        \"status\": 0,\r\n        \"price\": 120\r\n}",
					"options": {
						"raw": {
							"language": "json"
						}
					}
				},
				"url": {
					"raw": "{{BaseUrl}}/update-product-status",
					"host": [
						"{{BaseUrl}}"
					],
					"path": [
						"update-product-status"
					]
				}
			},
			"response": []
		},
		{
			"name": "DeleteThe_Product",
			"event": [
				{
					"listen": "test",
					"script": {
						"exec": [
							"pm.test(\"Status code is 200\", function () {\r",
							"    pm.response.to.have.status(200);\r",
							"});\r",
							"pm.test(\"Body matches string\", function () {\r",
							"    pm.expect(pm.response.text()).to.include(\"Product with ID 101 Deleted Successfully.\");\r",
							"});"
						],
						"type": "text/javascript"
					}
				}
			],
			"request": {
				"method": "DELETE",
				"header": [],
				"url": {
					"raw": "{{BaseUrl}}/delete-product?id=101",
					"host": [
						"{{BaseUrl}}"
					],
					"path": [
						"delete-product"
					],
					"query": [
						{
							"key": "id",
							"value": "101"
						}
					]
				}
			},
			"response": []
		}
	],
	"event": [
		{
			"listen": "prerequest",
			"script": {
				"type": "text/javascript",
				"exec": [
					""
				]
			}
		},
		{
			"listen": "test",
			"script": {
				"type": "text/javascript",
				"exec": [
					""
				]
			}
		}
	],
	"variable": [
		{
			"key": "BaseUrl",
			"value": "http://localhost:9010",
			"type": "string"
		}
	]
}